{
    "left": {
        "fx": 1052.758056640625,
        "fy": 1052.758056640625,
        "cx": 1117.3426513671875,
        "cy": 634.279541015625,
        "disto": [
            0.0,
            0.0,
            0.0,
            0.0,
            0.0,
            0.0,
            0.0,
            0.0,
            0.0,
            0.0,
            0.0,
            0.0
        ],
        "v_fov": 61.07273483276367,
        "h_fov": 92.72477722167969,
        "d_fov": 100.54156494140625
    },
    "right": {
        "fx": 1052.758056640625,
        "fy": 1052.758056640625,
        "cx": 1117.3426513671875,
        "cy": 634.279541015625,
        "disto": [
            0.0,
            0.0,
            0.0,
            0.0,
            0.0,
            0.0,
            0.0,
            0.0,
            0.0,
            0.0,
            0.0,
            0.0
        ],
        "v_fov": 61.07273483276367,
        "h_fov": 92.72477722167969,
        "d_fov": 100.54156494140625
    }
}