{
    "left": {
        "fx": 523.8634643554688,
        "fy": 523.8634643554688,
        "cx": 645.316650390625,
        "cy": 365.47906494140625,
        "disto": [
            0.0,
            0.0,
            0.0,
            0.0,
            0.0,
            0.0,
            0.0,
            0.0,
            0.0,
            0.0,
            0.0,
            0.0
        ],
        "v_fov": 68.99588775634766,
        "h_fov": 101.39981842041016,
        "d_fov": 108.99383544921875
    },
    "right": {
        "fx": 523.8634643554688,
        "fy": 523.8634643554688,
        "cx": 645.316650390625,
        "cy": 365.47906494140625,
        "disto": [
            0.0,
            0.0,
            0.0,
            0.0,
            0.0,
            0.0,
            0.0,
            0.0,
            0.0,
            0.0,
            0.0,
            0.0
        ],
        "v_fov": 68.99588775634766,
        "h_fov": 101.39981842041016,
        "d_fov": 108.99383544921875
    }
}